{
  "tickers": [
    "AAPL",
    "MSFT",
    "GOOGL",
    "AMZN",
    "META",
    "NVDA",
    "TSLA",
    "AMD",
    "NFLX",
    "JPM"
  ],
  "lookback": 60,
  "horizon": 7,
  "training_date": "2026-03-22T06:25:57.082550",
  "performance": {
    "AAPL": {
      "test_loss": 0.0013389154337346554,
      "test_mae": 0.015590611845254898
    },
    "MSFT": {
      "test_loss": 0.0010631396435201168,
      "test_mae": 0.014252208173274994
    },
    "GOOGL": {
      "test_loss": 0.0010485424427315593,
      "test_mae": 0.01190272532403469
    },
    "AMZN": {
      "test_loss": 0.0028686034493148327,
      "test_mae": 0.026097655296325684
    },
    "META": {
      "test_loss": 0.0026055811904370785,
      "test_mae": 0.016469109803438187
    },
    "NVDA": {
      "test_loss": 0.002370546106249094,
      "test_mae": 0.011246182024478912
    },
    "TSLA": {
      "test_loss": 0.002655328717082739,
      "test_mae": 0.02514743246138096
    },
    "AMD": {
      "test_loss": 0.0025671361945569515,
      "test_mae": 0.018499618396162987
    },
    "NFLX": {
      "test_loss": 0.00274659413844347,
      "test_mae": 0.016488561406731606
    },
    "JPM": {
      "test_loss": 0.0010944954119622707,
      "test_mae": 0.011970974504947662
    }
  }
}